{
    "timestamp": "2026-03-19 00:51:21.460050",
    "cnn": {
        "overall": {
            "mae": 0.08029822668406901,
            "rmse": 0.10174872388829419
        }
    },
    "lstm": {
        "overall": {
            "mae": 0.037059412654236984,
            "rmse": 0.046522058798477144
        }
    },
    "ensemble": {
        "overall": {
            "mae": 0.058678819669153,
            "rmse": 0.07413539134338566
        }
    },
    "anomaly": {
        "precision": 0.92,
        "recall": 0.88,
        "f1": 0.9
    }
}